_id,_collection,id,title,duration,category,description,order,isCompleted,audioUrl,userId,timestamp._seconds,timestamp._nanoseconds,mood,value,factors,notes,createdAt._seconds,createdAt._nanoseconds,date,activeUsers,newUsers,meditationMinutes,exercisesCompleted,surveysCompleted,responses,questions,uid,email,displayName,photoURL,settings.notifications.reminders,settings.notifications.progress,settings.notifications.tips,settings.notifications.community,settings.language,settings.theme,stats.meditationMinutes,stats.exercisesCompleted,stats.streak,stats.surveysCompleted,stats.lastActiveDate,updatedAt._seconds,updatedAt._nanoseconds,subscription.plan,subscription.price,subscription.updatedAt._seconds,subscription.updatedAt._nanoseconds
exercise-1,exercises,exercise-1,Mindful Breathing,5,breathing,Focus on your breath for 5 minutes to calm your mind and body.,0,false,,,,,,,,,,,,,,,,,,,,,,,,,,,,,,,,,,,,,,,
exercise-2,exercises,exercise-2,Body Scan,10,mindfulness,Systematically scan your body to release tension and increase awareness.,1,false,,,,,,,,,,,,,,,,,,,,,,,,,,,,,,,,,,,,,,,
exercise-3,exercises,exercise-3,Loving-Kindness,15,compassion,Develop feelings of goodwill and kindness toward yourself and others.,2,false,,,,,,,,,,,,,,,,,,,,,,,,,,,,,,,,,,,,,,,
exercise-4,exercises,exercise-4,Stress Relief,8,breathing,Relieve stress with deep breathing and guided visualization.,3,false,,,,,,,,,,,,,,,,,,,,,,,,,,,,,,,,,,,,,,,
exercise-5,exercises,exercise-5,Sleep Preparation,20,relaxation,Relax your body and mind to prepare for restful sleep.,4,false,,,,,,,,,,,,,,,,,,,,,,,,,,,,,,,,,,,,,,,
meditation-1,meditations,meditation-1,Morning Energizer,10,,Start your day with energy and positivity,,,meditations/sample.mp3,,,,,,,,,,,,,,,,,,,,,,,,,,,,,,,,,,,,,,
meditation-2,meditations,meditation-2,Anxiety Relief,15,,Calm anxious thoughts and find peace,,,meditations/sample.mp3,,,,,,,,,,,,,,,,,,,,,,,,,,,,,,,,,,,,,,
meditation-3,meditations,meditation-3,Deep Focus,8,,Enhance concentration and mental clarity,,,meditations/sample.mp3,,,,,,,,,,,,,,,,,,,,,,,,,,,,,,,,,,,,,,
meditation-4,meditations,meditation-4,Bedtime Relaxation,20,,Prepare your mind and body for restful sleep,,,meditations/sample.mp3,,,,,,,,,,,,,,,,,,,,,,,,,,,,,,,,,,,,,,
meditation-5,meditations,meditation-5,Quick Reset,5,,Refresh your mind in just 5 minutes,,,meditations/sample.mp3,,,,,,,,,,,,,,,,,,,,,,,,,,,,,,,,,,,,,,
06BLB1t3cs3UzWgRaApf,moods,,,48,,,,,,sample-david,1741906071,694000000,Willfulness,62,"[""Relaxation""]",Some notes about how I'm feeling today.,,,,,,,,,,,,,,,,,,,,,,,,,,,,,,,
0IyGtC3uXcOrbPC6kvT0,moods,,,63,,,,,,sample-michael,1742785371,692000000,Apathy,33,"[""Family time""]",Some notes about how I'm feeling today.,,,,,,,,,,,,,,,,,,,,,,,,,,,,,,,
0xhqAsAh6zRRMWvnKKF0,moods,,,11,,,,,,sample-michael,1742700531,692000000,Shame,28,"[""Work stress"",""Good sleep"",""Creative activity""]",Some notes about how I'm feeling today.,,,,,,,,,,,,,,,,,,,,,,,,,,,,,,,
2ze9UzX2NvGaDeJaFz8Y,moods,,,58,,,,,,sample-emma,1741465371,692000000,Acceptance,84,"[""Good weather"",""Conflict"",""Poor sleep""]",,,,,,,,,,,,,,,,,,,,,,,,,,,,,,,,
32wnuKtTO7ui9ow3cS6x,moods,,,90,,,,,,sample-sophia,1742617491,693000000,Anger,26,"[""Meditation""]",,,,,,,,,,,,,,,,,,,,,,,,,,,,,,,,
36ZUE2g3longDgTFRMur,moods,,,89,,,,,,sample-sophia,1740768831,694000000,Reason,76,"[""Good sleep"",""Poor sleep""]",Some notes about how I'm feeling today.,,,,,,,,,,,,,,,,,,,,,,,,,,,,,,,
3HzGoXJk2UroeauhyNBS,moods,,,83,,,,,,sample-michael,1742245371,693000000,Guilt,31,"[""Creative activity""]",,,,,,,,,,,,,,,,,,,,,,,,,,,,,,,,
40PCxPdvdrfT2yLjnq8n,moods,,,57,,,,,,sample-john,1740863931,691000000,Anger,26,"[""Time in nature""]",,,,,,,,,,,,,,,,,,,,,,,,,,,,,,,,
4cr9fKIb5Kmg2Tv1n5YZ,moods,,,48,,,,,,sample-emma,1742668731,691000000,Joy,77,"[""Conflict"",""Meditation"",""Work stress""]",,,,,,,,,,,,,,,,,,,,,,,,,,,,,,,,
4heIdlbPKIkOwDgkV5B6,moods,,,66,,,,,,sample-michael,1741909491,693000000,Reason,76,"[""Good weather"",""Exercise""]",Some notes about how I'm feeling today.,,,,,,,,,,,,,,,,,,,,,,,,,,,,,,,
4klsZpLX0b8ZMLbyEILO,moods,,,63,,,,,,sample-sophia,1740344331,694000000,Shame,28,"[""Good weather"",""Relaxation"",""Achievement""]",,,,,,,,,,,,,,,,,,,,,,,,,,,,,,,,
4lwidKXD1L0EtIiWCwVy,moods,,,47,,,,,,sample-david,1741841991,694000000,Peace,77,"[""Work stress"",""Achievement""]",Some notes about how I'm feeling today.,,,,,,,,,,,,,,,,,,,,,,,,,,,,,,,
4rTTTBj4YoQmEPJrCImO,moods,,,71,,,,,,sample-emma,1740679971,692000000,Willfulness,62,"[""Good weather"",""Creative activity"",""Time in nature""]",,,,,,,,,,,,,,,,,,,,,,,,,,,,,,,,
5ELGNISzzJYEfp2k6SJY,moods,,,0,,,,,,sample-emma,1741489911,692000000,Anger,26,"[""Conflict"",""Relaxation"",""Poor sleep""]",,,,,,,,,,,,,,,,,,,,,,,,,,,,,,,,
5Lc1gVUU7CoFsGawZhLq,moods,,,9,,,,,,sample-david,1740760491,694000000,Love,81,"[""Exercise"",""Family time"",""Good weather""]",Some notes about how I'm feeling today.,,,,,,,,,,,,,,,,,,,,,,,,,,,,,,,
5pkkJdvlsVVcBVQEeDmj,moods,,,30,,,,,,sample-emma,1741372791,692000000,Acceptance,84,"[""Achievement"",""Time in nature""]",,,,,,,,,,,,,,,,,,,,,,,,,,,,,,,,
5rj4bCpUybX6qlgpc02K,moods,,,50,,,,,,sample-david,1742351211,694000000,Love,81,"[""Meditation""]",,,,,,,,,,,,,,,,,,,,,,,,,,,,,,,,
6Q06KvQIfc7YD1HVNa58,moods,,,47,,,,,,sample-david,1740444531,694000000,Reason,76,"[""Good sleep"",""Conflict""]",Some notes about how I'm feeling today.,,,,,,,,,,,,,,,,,,,,,,,,,,,,,,,
6ZbqbAIuVWbBFaRXSVO2,moods,,,48,,,,,,sample-michael,1740855951,693000000,Guilt,31,"[""Healthy meal""]",,,,,,,,,,,,,,,,,,,,,,,,,,,,,,,,
6mTEQgEKCHavMvluT8f3,moods,,,44,,,,,,sample-michael,1741893831,693000000,Peace,77,"[""Exercise""]",,,,,,,,,,,,,,,,,,,,,,,,,,,,,,,,
7DumFghLyxQ7EkHoaN7R,moods,,,84,,,,,,sample-emma,1741237431,692000000,Love,81,"[""Time in nature"",""Meditation""]",Some notes about how I'm feeling today.,,,,,,,,,,,,,,,,,,,,,,,,,,,,,,,
7Y6Z70woelyd6DrEVo0k,moods,,,11,,,,,,sample-michael,1742611191,692000000,Shame,28,"[""Good weather"",""Conflict""]",Some notes about how I'm feeling today.,,,,,,,,,,,,,,,,,,,,,,,,,,,,,,,
7s14CzfOGer8nk1RDiV5,moods,,,99,,,,,,sample-john,1742509251,690000000,Anger,26,"[""Healthy meal"",""Meditation""]",,,,,,,,,,,,,,,,,,,,,,,,,,,,,,,,
7ysg4kyyR6hhwgJTU0Mq,moods,,,61,,,,,,sample-david,1742655711,694000000,Guilt,31,"[""Time in nature"",""Poor sleep""]",,,,,,,,,,,,,,,,,,,,,,,,,,,,,,,,
8L7bqhLPPg0JgHgTSGrX,moods,,,38,,,,,,sample-david,1740276411,694000000,Shame,28,[],,,,,,,,,,,,,,,,,,,,,,,,,,,,,,,,
8XAOxNVY27HWUFeqDqQd,moods,,,32,,,,,,sample-sophia,1742657031,693000000,Fear,31,"[""Good sleep"",""Achievement""]",,,,,,,,,,,,,,,,,,,,,,,,,,,,,,,,
8lo7HEas6osNBlq2k4RT,moods,,,46,,,,,,sample-michael,1742656971,692000000,Grief,30,"[""Poor sleep"",""Meditation"",""Conflict""]",Some notes about how I'm feeling today.,,,,,,,,,,,,,,,,,,,,,,,,,,,,,,,
8mGzXt51xduWiwRq5RZX,moods,,,71,,,,,,sample-sophia,1740541131,694000000,Reason,76,"[""Good sleep"",""Creative activity"",""Work stress""]",Some notes about how I'm feeling today.,,,,,,,,,,,,,,,,,,,,,,,,,,,,,,,
8qIi54WWVvAEau2CzwNB,moods,,,2,,,,,,sample-david,1741041351,694000000,Reason,76,[],,,,,,,,,,,,,,,,,,,,,,,,,,,,,,,,
8tGKTbOBcBHdrEIRi19X,moods,,,99,,,,,,sample-emma,1741823511,692000000,Apathy,33,[],,,,,,,,,,,,,,,,,,,,,,,,,,,,,,,,
8thZkclKlVGDiqUnvJbX,moods,,,12,,,,,,sample-sophia,1742328471,693000000,Guilt,31,"[""Work stress"",""Good weather"",""Creative activity""]",,,,,,,,,,,,,,,,,,,,,,,,,,,,,,,,
8z4SkpYz9eMylF4qY0il,moods,,,73,,,,,,sample-john,1742153211,690000000,Apathy,33,"[""Healthy meal"",""Poor sleep"",""Good sleep""]",,,,,,,,,,,,,,,,,,,,,,,,,,,,,,,,
8zhX4CD6yhjqzqiOI78R,moods,,,44,,,,,,sample-sophia,1741064751,694000000,Desire,67,[],,,,,,,,,,,,,,,,,,,,,,,,,,,,,,,,
944St5B39h5blJ45yjVo,moods,,,95,,,,,,sample-john,1742183331,690000000,Desire,67,"[""Relaxation""]",,,,,,,,,,,,,,,,,,,,,,,,,,,,,,,,
95X74IAz5LrOedYnPdG6,moods,,,46,,,,,,sample-sophia,1741989411,693000000,Shame,28,[],,,,,,,,,,,,,,,,,,,,,,,,,,,,,,,,
9Su7Z3DI2L0yYBgOlHI1,moods,,,12,,,,,,sample-john,1741409991,691000000,Grief,30,[],,,,,,,,,,,,,,,,,,,,,,,,,,,,,,,,
9WUWB23uhAaizzZNwkeA,moods,,,43,,,,,,sample-sophia,1742140071,693000000,Grief,30,"[""Time in nature"",""Work stress""]",,,,,,,,,,,,,,,,,,,,,,,,,,,,,,,,
AMp8oiu1menohZ16uKD1,moods,,,74,,,,,,sample-sophia,1742745651,693000000,Shame,28,"[""Creative activity""]",,,,,,,,,,,,,,,,,,,,,,,,,,,,,,,,
APDrJdgsDdUgg3bfiy0b,moods,,,15,,,,,,sample-john,1741398591,691000000,Peace,77,"[""Social activity"",""Conflict""]",,,,,,,,,,,,,,,,,,,,,,,,,,,,,,,,
AbdlkNpsp0LDyUi0zvg8,moods,,,85,,,,,,sample-emma,1740948291,692000000,Desire,67,"[""Creative activity""]",,,,,,,,,,,,,,,,,,,,,,,,,,,,,,,,
Ahu80sAKWlTv4lCofi5L,moods,,,95,,,,,,sample-john,1741201131,691000000,Grief,30,"[""Poor sleep"",""Good weather""]",,,,,,,,,,,,,,,,,,,,,,,,,,,,,,,,
B1lWcHEwcG2Ai67qiJVv,moods,,,31,,,,,,sample-john,1741022751,691000000,Love,81,"[""Achievement""]",Some notes about how I'm feeling today.,,,,,,,,,,,,,,,,,,,,,,,,,,,,,,,
BdZAgyZp4S2oOoq6PKSX,moods,,,89,,,,,,sample-david,1741533111,694000000,Apathy,33,"[""Relaxation"",""Creative activity""]",Some notes about how I'm feeling today.,,,,,,,,,,,,,,,,,,,,,,,,,,,,,,,
BmzEJbc3egJ4YV0SzqLc,moods,,,16,,,,,,sample-john,1740958311,691000000,Desire,67,"[""Social activity"",""Exercise"",""Relaxation""]",Some notes about how I'm feeling today.,,,,,,,,,,,,,,,,,,,,,,,,,,,,,,,
ByObqJOuWlNzk58RUNnk,moods,,,15,,,,,,sample-michael,1741315311,693000000,Desire,67,"[""Achievement""]",,,,,,,,,,,,,,,,,,,,,,,,,,,,,,,,
CIjOan8xfJK0bshJez83,moods,,,16,,,,,,sample-sophia,1742778771,693000000,Willfulness,62,[],Some notes about how I'm feeling today.,,,,,,,,,,,,,,,,,,,,,,,,,,,,,,,
CWGUDfuix0zRXI0cjR57,moods,,,78,,,,,,sample-john,1740375291,691000000,Anger,26,[],Some notes about how I'm feeling today.,,,,,,,,,,,,,,,,,,,,,,,,,,,,,,,
DJsfdN1Ar5F7kIPYEYJq,moods,,,99,,,,,,sample-emma,1740262731,692000000,Fear,31,[],Some notes about how I'm feeling today.,,,,,,,,,,,,,,,,,,,,,,,,,,,,,,,
DfTUVSMBO54UuBI3ULFp,moods,,,39,,,,,,sample-sophia,1741653831,693000000,Fear,31,[],,,,,,,,,,,,,,,,,,,,,,,,,,,,,,,,
DsTC3SHJBhAixRDMcBxo,moods,,,20,,,,,,sample-michael,1740940491,693000000,Anger,26,"[""Family time"",""Poor sleep""]",,,,,,,,,,,,,,,,,,,,,,,,,,,,,,,,
DtUQkiDrujZJBmVIWjAh,moods,,,48,,,,,,sample-david,1740772191,694000000,Love,81,"[""Good sleep"",""Good weather"",""Achievement""]",Some notes about how I'm feeling today.,,,,,,,,,,,,,,,,,,,,,,,,,,,,,,,
DwcuzF91wEHFQDynCFqV,moods,,,73,,,,,,sample-emma,1741298631,692000000,Fear,31,[],Some notes about how I'm feeling today.,,,,,,,,,,,,,,,,,,,,,,,,,,,,,,,
E7P1MjdIM0iKcUCzz9H8,moods,,,80,,,,,,sample-david,1740868911,694000000,Reason,76,[],,,,,,,,,,,,,,,,,,,,,,,,,,,,,,,,
EXS77KQv7wZfNHcg6a52,moods,,,36,,,,,,sample-emma,1740633351,692000000,Reason,76,[],Some notes about how I'm feeling today.,,,,,,,,,,,,,,,,,,,,,,,,,,,,,,,
EYqEl9WK8aOWYU5GFKyT,moods,,,74,,,,,,sample-john,1742154711,690000000,Guilt,31,"[""Meditation"",""Poor sleep""]",Some notes about how I'm feeling today.,,,,,,,,,,,,,,,,,,,,,,,,,,,,,,,
EdQ1o7tlvLlSOHQ2Mfx1,moods,,,74,,,,,,sample-david,1742316831,694000000,Acceptance,84,[],,,,,,,,,,,,,,,,,,,,,,,,,,,,,,,,
EoBqPeuM7NtoJtJRnhyb,moods,,,71,,,,,,sample-john,1742071671,690000000,Apathy,33,"[""Conflict"",""Family time""]",,,,,,,,,,,,,,,,,,,,,,,,,,,,,,,,
EpcYHuUBBuLPjdfYPZpF,moods,,,30,,,,,,sample-emma,1742985537,271000000,peaceful,75,,,,,,,,,,,,,,,,,,,,,,,,,,,,,,,,,
FGtHkhXr2GoN000XM1TZ,moods,,,86,,,,,,sample-michael,1741744011,693000000,Guilt,31,"[""Poor sleep"",""Healthy meal""]",,,,,,,,,,,,,,,,,,,,,,,,,,,,,,,,
FQjBbFDbl7bNeWfOIz9a,moods,,,33,,,,,,sample-emma,1742263191,692000000,Acceptance,84,"[""Relaxation""]",,,,,,,,,,,,,,,,,,,,,,,,,,,,,,,,
FVFhLkjTkFxiYwZkrKLB,moods,,,93,,,,,,sample-emma,1742329011,692000000,Reason,76,"[""Work stress"",""Healthy meal"",""Creative activity""]",Some notes about how I'm feeling today.,,,,,,,,,,,,,,,,,,,,,,,,,,,,,,,
G3BgdHhAQOBqCmrwFnSy,moods,,,73,,,,,,sample-emma,1740627831,692000000,Desire,67,[],,,,,,,,,,,,,,,,,,,,,,,,,,,,,,,,
GC8yFgI6CDmxgCOP5LAw,moods,,,0,,,,,,user-id,1743065481,254000000,Desire,0,,,1743065481,255000000,,,,,,,,,,,,,,,,,,,,,,,,,,,,,
GFAf0mFSNOwdVLmGX4Mt,moods,,,66,,,,,,sample-emma,1742747391,691000000,Fear,31,"[""Conflict"",""Family time"",""Good sleep""]",,,,,,,,,,,,,,,,,,,,,,,,,,,,,,,,
GlQdaJGAXFPdzoRNytBk,moods,,,30,,,,,,sample-david,1740887211,694000000,Love,81,"[""Good sleep"",""Family time"",""Creative activity""]",Some notes about how I'm feeling today.,,,,,,,,,,,,,,,,,,,,,,,,,,,,,,,
Gqx8zBeUpkekNwstqsRP,moods,,,29,,,,,,sample-emma,1740808011,692000000,Pride,65,[],Some notes about how I'm feeling today.,,,,,,,,,,,,,,,,,,,,,,,,,,,,,,,
GvRpsAklfmz3IhFKaSMB,moods,,,96,,,,,,sample-sophia,1742612511,693000000,Shame,28,"[""Relaxation"",""Work stress""]",Some notes about how I'm feeling today.,,,,,,,,,,,,,,,,,,,,,,,,,,,,,,,
GzuDAfM5UXEtXVdCE54b,moods,,,5,,,,,,sample-michael,1740346311,693000000,Anger,26,"[""Healthy meal"",""Good sleep""]",,,,,,,,,,,,,,,,,,,,,,,,,,,,,,,,
HAENVlqm2JV4MKhYhAZN,moods,,,85,,,,,,sample-sophia,1742342691,693000000,Fear,31,"[""Poor sleep""]",,,,,,,,,,,,,,,,,,,,,,,,,,,,,,,,
HF1Q45sDP7Qt6cY0uRQp,moods,,,97,,,,,,sample-sophia,1741579611,694000000,Willfulness,62,"[""Good weather""]",Some notes about how I'm feeling today.,,,,,,,,,,,,,,,,,,,,,,,,,,,,,,,
HX0Yaf3JQZ6X3V1VRaNQ,moods,,,52,,,,,,sample-john,1742686011,689000000,Joy,77,"[""Good weather"",""Creative activity"",""Meditation""]",Some notes about how I'm feeling today.,,,,,,,,,,,,,,,,,,,,,,,,,,,,,,,
IKomOJt2Niu9VNV0GBO8,moods,,,100,,,,,,sample-john,1741813191,691000000,Acceptance,84,"[""Creative activity"",""Achievement""]",Some notes about how I'm feeling today.,,,,,,,,,,,,,,,,,,,,,,,,,,,,,,,
IOPOo0zyW0VLfJ17nkCb,moods,,,59,,,,,,sample-john,1742572731,689000000,Fear,31,[],,,,,,,,,,,,,,,,,,,,,,,,,,,,,,,,
IZmzEFjw1WvkOvuSbGxy,moods,,,50,,,,,,sample-john,1742349531,690000000,Pride,65,"[""Conflict"",""Achievement""]",,,,,,,,,,,,,,,,,,,,,,,,,,,,,,,,
IbI6Jr73vD2OSEVdpdmr,moods,,,40,,,,,,sample-david,1741741371,694000000,Love,81,[],,,,,,,,,,,,,,,,,,,,,,,,,,,,,,,,
JOOBAXlJftkTcdqZwTL0,moods,,,94,,,,,,sample-john,1740805851,691000000,Peace,77,"[""Time in nature""]",,,,,,,,,,,,,,,,,,,,,,,,,,,,,,,,
JXMgkNyAmc7rNAf90Hm8,moods,,,11,,,,,,sample-david,1742576511,694000000,Anger,26,"[""Family time"",""Work stress"",""Social activity""]",Some notes about how I'm feeling today.,,,,,,,,,,,,,,,,,,,,,,,,,,,,,,,
K62vURGVBOxz3NqPg1OO,moods,,,39,,,,,,sample-john,1741532871,691000000,Fear,31,"[""Meditation"",""Social activity"",""Work stress""]",,,,,,,,,,,,,,,,,,,,,,,,,,,,,,,,
KDhDTd1FlfuUrpHjJlZY,moods,,,73,,,,,,sample-david,1740877851,694000000,Shame,28,[],,,,,,,,,,,,,,,,,,,,,,,,,,,,,,,,
KMw8kEt6EnGZc68OsMGc,moods,,,45,,,,,,sample-emma,1741471011,692000000,Desire,67,"[""Work stress"",""Meditation"",""Social activity""]",,,,,,,,,,,,,,,,,,,,,,,,,,,,,,,,
KZopRKPJsTTTEHGspPJJ,moods,,,25,,,,,,sample-john,1741126971,691000000,Shame,28,[],Some notes about how I'm feeling today.,,,,,,,,,,,,,,,,,,,,,,,,,,,,,,,
KvXwQqQ61REFQbus7mpW,moods,,,92,,,,,,sample-emma,1742504571,691000000,Peace,77,"[""Creative activity"",""Exercise""]",,,,,,,,,,,,,,,,,,,,,,,,,,,,,,,,
LFzGwYpIjPe1RiwIR97H,moods,,,43,,,,,,sample-emma,1740945411,692000000,Peace,77,"[""Time in nature"",""Relaxation""]",,,,,,,,,,,,,,,,,,,,,,,,,,,,,,,,
LHL5PC81QWlJt6LTsNYU,moods,,,84,,,,,,sample-sophia,1742687031,693000000,Peace,77,"[""Good sleep""]",,,,,,,,,,,,,,,,,,,,,,,,,,,,,,,,
LHsUjpqVH1CYRxfWWoLs,moods,,,39,,,,,,sample-emma,1741835331,692000000,Grief,30,[],,,,,,,,,,,,,,,,,,,,,,,,,,,,,,,,
LKha6xpXyruJaPxKk9Ki,moods,,,28,,,,,,sample-david,1742066631,694000000,Desire,67,"[""Achievement"",""Family time"",""Relaxation""]",,,,,,,,,,,,,,,,,,,,,,,,,,,,,,,,
LqgQqy4aM3OhW8A16ywl,moods,,,81,,,,,,sample-john,1741543431,691000000,Acceptance,84,"[""Achievement"",""Good weather"",""Family time""]",,,,,,,,,,,,,,,,,,,,,,,,,,,,,,,,
M9L9QVzsS9LhpUvyFgFx,moods,,,59,,,,,,sample-sophia,1741888791,693000000,Pride,65,[],Some notes about how I'm feeling today.,,,,,,,,,,,,,,,,,,,,,,,,,,,,,,,
MJQ5eVFeHkaTf9zhqBRx,moods,,,9,,,,,,sample-john,1740801651,691000000,Guilt,31,"[""Conflict""]",,,,,,,,,,,,,,,,,,,,,,,,,,,,,,,,
MJxzbd8DgoCb1EoWZdm1,moods,,,69,,,,,,sample-david,1740343071,694000000,Love,81,[],Some notes about how I'm feeling today.,,,,,,,,,,,,,,,,,,,,,,,,,,,,,,,
Mitg1SttmYZiNul6ltmy,moods,,,28,,,,,,sample-sophia,1740537951,694000000,Pride,65,"[""Achievement""]",,,,,,,,,,,,,,,,,,,,,,,,,,,,,,,,
MoeikbJ8GnmoUA360MEZ,moods,,,89,,,,,,sample-john,1740774111,691000000,Fear,31,[],,,,,,,,,,,,,,,,,,,,,,,,,,,,,,,,
Moyp3d7tatXpoHAcHoiM,moods,,,30,,,,,,sample-john,1742013051,690000000,Willfulness,62,"[""Exercise""]",Some notes about how I'm feeling today.,,,,,,,,,,,,,,,,,,,,,,,,,,,,,,,
NAXBUk5ADNc7qjWw3U3h,moods,,,59,,,,,,sample-david,1742429571,694000000,Apathy,33,[],,,,,,,,,,,,,,,,,,,,,,,,,,,,,,,,
NRXxKQna17AfcEWy8gAE,moods,,,13,,,,,,sample-emma,1742605551,691000000,Apathy,33,"[""Achievement"",""Good sleep""]",,,,,,,,,,,,,,,,,,,,,,,,,,,,,,,,
NSAblZSJd7NMxTip3DKR,moods,,,95,,,,,,sample-emma,1742145951,692000000,Anger,26,"[""Healthy meal""]",,,,,,,,,,,,,,,,,,,,,,,,,,,,,,,,
NZBSr5iN8rCejVbCDaeU,moods,,,89,,,,,,sample-emma,1741226811,692000000,Grief,30,[],,,,,,,,,,,,,,,,,,,,,,,,,,,,,,,,
NaAK6vX77pfNGuLPUQ2e,moods,,,0,,,,,,sample-sophia,1741321791,694000000,Fear,31,"[""Relaxation"",""Social activity""]",,,,,,,,,,,,,,,,,,,,,,,,,,,,,,,,
NbyX1tRZqj59FPJmRzaA,moods,,,28,,,,,,sample-michael,1742154831,693000000,Willfulness,62,"[""Good sleep""]",Some notes about how I'm feeling today.,,,,,,,,,,,,,,,,,,,,,,,,,,,,,,,
OOnwUcPOXaeuJvC9bYeh,moods,,,93,,,,,,sample-sophia,1742157411,693000000,Desire,67,"[""Time in nature"",""Work stress""]",Some notes about how I'm feeling today.,,,,,,,,,,,,,,,,,,,,,,,,,,,,,,,
OPriCdzZhqXsUUTNNFZD,moods,,,35,,,,,,sample-john,1741902471,691000000,Acceptance,84,[],Some notes about how I'm feeling today.,,,,,,,,,,,,,,,,,,,,,,,,,,,,,,,
Oeerd4wvVwn10VB8mE4R,moods,,,80,,,,,,sample-emma,1740346251,692000000,Reason,76,"[""Good weather"",""Creative activity""]",,,,,,,,,,,,,,,,,,,,,,,,,,,,,,,,
Q2siTwUnemlYDfPW1wHp,moods,,,90,,,,,,sample-sophia,1741394631,694000000,Willfulness,62,"[""Meditation""]",,,,,,,,,,,,,,,,,,,,,,,,,,,,,,,,
QK0Ees59AiBSSCQeeTSh,moods,,,24,,,,,,sample-michael,1741457511,693000000,Grief,30,[],Some notes about how I'm feeling today.,,,,,,,,,,,,,,,,,,,,,,,,,,,,,,,
QUr5n5QrzHrXKMQ2AUbv,moods,,,42,,,,,,sample-david,1740549291,694000000,Pride,65,"[""Good sleep""]",,,,,,,,,,,,,,,,,,,,,,,,,,,,,,,,
RU3ILOjnXB4mAAeiRFrj,moods,,,55,,,,,,sample-david,1742255091,694000000,Reason,76,"[""Good sleep""]",Some notes about how I'm feeling today.,,,,,,,,,,,,,,,,,,,,,,,,,,,,,,,
RnHhzq28cabORkl7asp7,moods,,,12,,,,,,sample-emma,1740461151,692000000,Acceptance,84,"[""Relaxation""]",,,,,,,,,,,,,,,,,,,,,,,,,,,,,,,,
RtGOdEsugYAdcRjDdqI1,moods,,,27,,,,,,sample-david,1742428191,694000000,Guilt,31,[],Some notes about how I'm feeling today.,,,,,,,,,,,,,,,,,,,,,,,,,,,,,,,
SA2x4KxgPy0DjxZBRLQT,moods,,,85,,,,,,sample-michael,1742510391,692000000,Grief,30,[],,,,,,,,,,,,,,,,,,,,,,,,,,,,,,,,
SAbJpxXSoVpAoqYJpZ8U,moods,,,14,,,,,,sample-john,1741372251,691000000,Reason,76,"[""Work stress"",""Good sleep"",""Creative activity""]",Some notes about how I'm feeling today.,,,,,,,,,,,,,,,,,,,,,,,,,,,,,,,
SBk7KYibuGWhN5rCMRHw,moods,,,96,,,,,,sample-emma,1740523791,692000000,Joy,77,"[""Time in nature"",""Poor sleep""]",,,,,,,,,,,,,,,,,,,,,,,,,,,,,,,,
ScB7lZYyT5bmcxMnflbX,moods,,,67,,,,,,sample-emma,1742493591,691000000,Joy,77,[],Some notes about how I'm feeling today.,,,,,,,,,,,,,,,,,,,,,,,,,,,,,,,
ScXjcHWQHhLYAp2KBomM,moods,,,63,,,,,,sample-emma,1742081751,692000000,Fear,31,"[""Family time""]",Some notes about how I'm feeling today.,,,,,,,,,,,,,,,,,,,,,,,,,,,,,,,
SjAkkqAVmApc4r0ljQ8R,moods,,,86,,,,,,sample-john,1742324691,690000000,Joy,77,"[""Good weather"",""Achievement""]",Some notes about how I'm feeling today.,,,,,,,,,,,,,,,,,,,,,,,,,,,,,,,
T2CdtwqtJeFeEd8F4xhe,moods,,,98,,,,,,sample-david,1742250651,694000000,Willfulness,62,"[""Poor sleep""]",,,,,,,,,,,,,,,,,,,,,,,,,,,,,,,,
TElk5VHLQbqBqZy8JyJo,moods,,,78,,,,,,sample-michael,1740848151,693000000,Shame,28,"[""Good weather""]",Some notes about how I'm feeling today.,,,,,,,,,,,,,,,,,,,,,,,,,,,,,,,
TgKzeICbQOMGfqyPFa8I,moods,,,54,,,,,,sample-sophia,1741639791,693000000,Love,81,"[""Conflict""]",,,,,,,,,,,,,,,,,,,,,,,,,,,,,,,,
TrbYAoFA9HLz1wwkWKUn,moods,,,57,,,,,,sample-michael,1741363851,693000000,Grief,30,"[""Meditation"",""Social activity"",""Good weather""]",Some notes about how I'm feeling today.,,,,,,,,,,,,,,,,,,,,,,,,,,,,,,,
UISETJubPAAIs1Dedw3m,moods,,,93,,,,,,sample-michael,1741991331,693000000,Pride,65,"[""Time in nature"",""Good sleep"",""Social activity""]",,,,,,,,,,,,,,,,,,,,,,,,,,,,,,,,
UJJlTiMpeYkpqnkkZhUk,moods,,,59,,,,,,sample-david,1740499851,694000000,Love,81,"[""Time in nature""]",,,,,,,,,,,,,,,,,,,,,,,,,,,,,,,,
UZj3yBJcqAJB5pmOKUdl,moods,,,53,,,,,,sample-david,1741458471,694000000,Love,81,"[""Exercise""]",,,,,,,,,,,,,,,,,,,,,,,,,,,,,,,,
UrsGTKDCP0Vnpld1ew2L,moods,,,34,,,,,,sample-emma,1742408391,691000000,Willfulness,62,"[""Work stress"",""Social activity""]",,,,,,,,,,,,,,,,,,,,,,,,,,,,,,,,
V5kw3bvAUDEKpKzH0nHW,moods,,,41,,,,,,sample-sophia,1742752311,693000000,Apathy,33,[],Some notes about how I'm feeling today.,,,,,,,,,,,,,,,,,,,,,,,,,,,,,,,
W8MXWjXh1Ot8XY1QjbhC,moods,,,0,,,,,,sample-michael,1741536831,693000000,Willfulness,62,[],,,,,,,,,,,,,,,,,,,,,,,,,,,,,,,,
WgGSWMf89FXXQWF1Zgij,moods,,,44,,,,,,sample-john,1742411871,690000000,Desire,67,"[""Poor sleep"",""Good weather""]",Some notes about how I'm feeling today.,,,,,,,,,,,,,,,,,,,,,,,,,,,,,,,
Wpz1KY4m9OAJuhJ4kCET,moods,,,69,,,,,,sample-michael,1740864831,693000000,Guilt,31,"[""Meditation""]",,,,,,,,,,,,,,,,,,,,,,,,,,,,,,,,
Xqr8i91PlhMGsMep0FIr,moods,,,70,,,,,,sample-michael,1740774051,693000000,Reason,76,[],Some notes about how I'm feeling today.,,,,,,,,,,,,,,,,,,,,,,,,,,,,,,,
XxfSJkedhhnLSNe3XSwY,moods,,,29,,,,,,sample-michael,1742747511,692000000,Desire,67,"[""Family time"",""Good sleep""]",,,,,,,,,,,,,,,,,,,,,,,,,,,,,,,,
YCdbOoLAfzsJ6I7vFzel,moods,,,91,,,,,,sample-john,1742755911,688000000,Grief,30,"[""Creative activity"",""Meditation""]",Some notes about how I'm feeling today.,,,,,,,,,,,,,,,,,,,,,,,,,,,,,,,
YQ5a49ojlDnc2ipipBMM,moods,,,66,,,,,,sample-emma,1742764791,691000000,Acceptance,84,"[""Meditation"",""Social activity""]",,,,,,,,,,,,,,,,,,,,,,,,,,,,,,,,
YvauHDyxPh7h4aeX7bK2,moods,,,94,,,,,,sample-michael,1741638231,693000000,Reason,76,[],Some notes about how I'm feeling today.,,,,,,,,,,,,,,,,,,,,,,,,,,,,,,,
ZmsB0KubPx25ZSgLRDs5,moods,,,89,,,,,,sample-michael,1741794231,693000000,Reason,76,"[""Creative activity"",""Relaxation""]",Some notes about how I'm feeling today.,,,,,,,,,,,,,,,,,,,,,,,,,,,,,,,
ZzwEmdpuF1etmvFfgVd4,moods,,,1,,,,,,sample-sophia,1740760791,694000000,Joy,77,"[""Family time""]",Some notes about how I'm feeling today.,,,,,,,,,,,,,,,,,,,,,,,,,,,,,,,
a5Eswz8UGRBChBCvyY5n,moods,,,8,,,,,,sample-emma,1742353071,692000000,Pride,65,[],Some notes about how I'm feeling today.,,,,,,,,,,,,,,,,,,,,,,,,,,,,,,,
aoMR0knV2ktVKtrBw4OH,moods,,,87,,,,,,sample-sophia,1742580411,693000000,Apathy,33,[],,,,,,,,,,,,,,,,,,,,,,,,,,,,,,,,
bGYdjaOTmANmGRqDQ49N,moods,,,70,,,,,,sample-emma,1742398131,691000000,Guilt,31,"[""Social activity""]",,,,,,,,,,,,,,,,,,,,,,,,,,,,,,,,
bNEDrfRGYtOuUvB9bv9I,moods,,,38,,,,,,sample-emma,1742486511,691000000,Reason,76,"[""Work stress"",""Social activity""]",Some notes about how I'm feeling today.,,,,,,,,,,,,,,,,,,,,,,,,,,,,,,,
bOo01CbS7oTxNuDoOmM0,moods,,,47,,,,,,sample-sophia,1742000271,693000000,Reason,76,"[""Achievement""]",Some notes about how I'm feeling today.,,,,,,,,,,,,,,,,,,,,,,,,,,,,,,,
bg3TUykjRHEHcAnWV2Qa,moods,,,41,,,,,,sample-john,1741115691,691000000,Fear,31,"[""Time in nature"",""Work stress"",""Family time""]",Some notes about how I'm feeling today.,,,,,,,,,,,,,,,,,,,,,,,,,,,,,,,
bsfO1xqJn1LPudKwtgep,moods,,,49,,,,,,sample-john,1740855531,691000000,Grief,30,"[""Achievement"",""Work stress"",""Conflict""]",,,,,,,,,,,,,,,,,,,,,,,,,,,,,,,,
c7AMDWMEHS9QaQtcJPyw,moods,,,26,,,,,,sample-john,1740246651,691000000,Reason,76,[],,,,,,,,,,,,,,,,,,,,,,,,,,,,,,,,
czeUVajHxgtjYUCgi899,moods,,,97,,,,,,sample-sophia,1742270631,693000000,Acceptance,84,"[""Relaxation"",""Family time""]",Some notes about how I'm feeling today.,,,,,,,,,,,,,,,,,,,,,,,,,,,,,,,
d3JUDzgM2Z3PD97y12yj,moods,,,59,,,,,,sample-david,1741834011,694000000,Love,81,[],,,,,,,,,,,,,,,,,,,,,,,,,,,,,,,,
d6tz52qGoZ8FksQylsMr,moods,,,21,,,,,,sample-john,1740613851,691000000,Joy,77,"[""Time in nature"",""Meditation""]",,,,,,,,,,,,,,,,,,,,,,,,,,,,,,,,
ddEY5Ez6TSq8qlrgl20b,moods,,,22,,,,,,sample-michael,1742746491,692000000,Shame,28,"[""Creative activity""]",,,,,,,,,,,,,,,,,,,,,,,,,,,,,,,,
e1wxBHoxp4GTWFAtXfB4,moods,,,17,,,,,,sample-michael,1742186811,693000000,Reason,76,"[""Relaxation""]",,,,,,,,,,,,,,,,,,,,,,,,,,,,,,,,
f0Ih6PtGal81TEBKIH7D,moods,,,4,,,,,,sample-emma,1740880011,692000000,Love,81,[],,,,,,,,,,,,,,,,,,,,,,,,,,,,,,,,
fOjiGcWWtkTJXIPwIxB4,moods,,,53,,,,,,sample-david,1740629811,694000000,Guilt,31,[],,,,,,,,,,,,,,,,,,,,,,,,,,,,,,,,
g0i707JhXioldJntNOY3,moods,,,82,,,,,,sample-david,1740265011,694000000,Willfulness,62,"[""Exercise"",""Time in nature""]",,,,,,,,,,,,,,,,,,,,,,,,,,,,,,,,
g8OjblDJTbVpWb7rUpDC,moods,,,73,,,,,,sample-john,1741032111,691000000,Anger,26,"[""Creative activity"",""Work stress"",""Conflict""]",Some notes about how I'm feeling today.,,,,,,,,,,,,,,,,,,,,,,,,,,,,,,,
g8bPkgddMDECQQWziY8p,moods,,,97,,,,,,sample-michael,1741283571,693000000,Willfulness,62,"[""Time in nature"",""Meditation"",""Achievement""]",,,,,,,,,,,,,,,,,,,,,,,,,,,,,,,,
gL8Jxsvw2BGe5ti1JccX,moods,,,58,,,,,,sample-john,1742588331,689000000,Guilt,31,"[""Social activity"",""Meditation"",""Good sleep""]",Some notes about how I'm feeling today.,,,,,,,,,,,,,,,,,,,,,,,,,,,,,,,
gcwxoYdQSvII58wRO1jj,moods,,,61,,,,,,sample-emma,1741288971,692000000,Anger,26,"[""Social activity"",""Exercise"",""Relaxation""]",Some notes about how I'm feeling today.,,,,,,,,,,,,,,,,,,,,,,,,,,,,,,,
i86h73jDjLwpqpZtPMi0,moods,,,19,,,,,,sample-michael,1741387011,693000000,Fear,31,[],Some notes about how I'm feeling today.,,,,,,,,,,,,,,,,,,,,,,,,,,,,,,,
iBSagy7bhyCourjwlOoV,moods,,,61,,,,,,sample-emma,1740958071,692000000,Love,81,"[""Relaxation""]",,,,,,,,,,,,,,,,,,,,,,,,,,,,,,,,
jRpY2bqHn9LgzSEowf9D,moods,,,1,,,,,,sample-michael,1742404311,692000000,Anger,26,"[""Meditation"",""Achievement"",""Work stress""]",,,,,,,,,,,,,,,,,,,,,,,,,,,,,,,,
kdzaiH7l1Nc6E1bZIvhp,moods,,,89,,,,,,sample-david,1741917471,694000000,Reason,76,"[""Meditation"",""Relaxation""]",,,,,,,,,,,,,,,,,,,,,,,,,,,,,,,,
lFxMOdDkmsfFFUXOZGui,moods,,,11,,,,,,sample-emma,1742064411,692000000,Peace,77,"[""Poor sleep"",""Social activity"",""Relaxation""]",,,,,,,,,,,,,,,,,,,,,,,,,,,,,,,,
lMEOaspEmEcUS5ndcFgO,moods,,,73,,,,,,sample-john,1742669331,689000000,Peace,77,"[""Creative activity"",""Achievement"",""Conflict""]",,,,,,,,,,,,,,,,,,,,,,,,,,,,,,,,
laiv6Zy52l9zFsbWXnxO,moods,,,34,,,,,,sample-david,1742089191,694000000,Love,81,"[""Healthy meal"",""Poor sleep""]",,,,,,,,,,,,,,,,,,,,,,,,,,,,,,,,
leBUn6SUFuXS2MWquWXT,moods,,,90,,,,,,sample-david,1741896051,694000000,Peace,77,[],Some notes about how I'm feeling today.,,,,,,,,,,,,,,,,,,,,,,,,,,,,,,,
lewebz5vaNGumBpgKQ17,moods,,,26,,,,,,sample-emma,1741916511,692000000,Desire,67,"[""Exercise"",""Poor sleep""]",,,,,,,,,,,,,,,,,,,,,,,,,,,,,,,,
lmU1hxIkxFSjFUkJ89K7,moods,,,46,,,,,,sample-michael,1740506691,693000000,Grief,30,"[""Achievement""]",,,,,,,,,,,,,,,,,,,,,,,,,,,,,,,,
lnhhlQzec9HcLfF7WvP9,moods,,,70,,,,,,sample-sophia,1741494231,694000000,Apathy,33,"[""Good sleep"",""Healthy meal""]",Some notes about how I'm feeling today.,,,,,,,,,,,,,,,,,,,,,,,,,,,,,,,
lo6wS043dokQYbc68FTc,moods,,,42,,,,,,sample-emma,1741836471,692000000,Guilt,31,[],,,,,,,,,,,,,,,,,,,,,,,,,,,,,,,,
m0bbcFScmNDlnKyyredI,moods,,,21,,,,,,sample-david,1742750691,694000000,Anger,26,"[""Relaxation"",""Healthy meal""]",Some notes about how I'm feeling today.,,,,,,,,,,,,,,,,,,,,,,,,,,,,,,,
m31761u2VniaYEkctqfv,moods,,,89,,,,,,sample-david,1741661151,694000000,Reason,76,"[""Good sleep"",""Creative activity""]",,,,,,,,,,,,,,,,,,,,,,,,,,,,,,,,
mBiy4PkXTgkoL7vqrW4b,moods,,,42,,,,,,sample-sophia,1741488951,694000000,Fear,31,"[""Meditation""]",,,,,,,,,,,,,,,,,,,,,,,,,,,,,,,,
mXTgOhSYBkIkfRCwzORt,moods,,,71,,,,,,sample-emma,1741995291,692000000,Apathy,33,"[""Creative activity""]",,,,,,,,,,,,,,,,,,,,,,,,,,,,,,,,
mzB95Zby6SH7HTVRYILo,moods,,,24,,,,,,sample-sophia,1741894251,693000000,Anger,26,"[""Social activity"",""Work stress""]",Some notes about how I'm feeling today.,,,,,,,,,,,,,,,,,,,,,,,,,,,,,,,
n82agqituil0kBwWdrDy,moods,,,5,,,,,,sample-michael,1742674971,692000000,Acceptance,84,"[""Good weather""]",,,,,,,,,,,,,,,,,,,,,,,,,,,,,,,,
nGZCelm423oSQ2DzCMeZ,moods,,,5,,,,,,sample-sophia,1740522591,694000000,Desire,67,"[""Meditation"",""Good weather"",""Healthy meal""]",,,,,,,,,,,,,,,,,,,,,,,,,,,,,,,,
nxQCrcGlNcprZuulJ1G9,moods,,,66,,,,,,sample-david,1740511671,694000000,Love,81,[],,,,,,,,,,,,,,,,,,,,,,,,,,,,,,,,
oCfd7tYqRLNv3jiJO0om,moods,,,58,,,,,,sample-michael,1742593191,692000000,Peace,77,"[""Good sleep"",""Work stress""]",,,,,,,,,,,,,,,,,,,,,,,,,,,,,,,,
ogRC6r3TqUNSTC4Xxk3V,moods,,,43,,,,,,sample-emma,1742441031,692000000,Fear,31,"[""Relaxation"",""Exercise""]",,,,,,,,,,,,,,,,,,,,,,,,,,,,,,,,
ow3laRiceeJW3mCQzWKP,moods,,,24,,,,,,sample-david,1741047231,694000000,Acceptance,84,"[""Meditation"",""Family time"",""Work stress""]",,,,,,,,,,,,,,,,,,,,,,,,,,,,,,,,
pZgZz0aGA1mp62OZvmau,moods,,,85,,,,,,sample-john,1740329931,691000000,Grief,30,"[""Relaxation"",""Healthy meal""]",Some notes about how I'm feeling today.,,,,,,,,,,,,,,,,,,,,,,,,,,,,,,,
pn53Iyv0zRy8ubZmhRMS,moods,,,15,,,,,,sample-sophia,1742512311,693000000,Fear,31,"[""Good weather"",""Relaxation"",""Good sleep""]",,,,,,,,,,,,,,,,,,,,,,,,,,,,,,,,
q7sr2inX8suJwSmTjuOj,moods,,,34,,,,,,sample-michael,1740270951,693000000,Peace,77,"[""Conflict"",""Family time""]",,,,,,,,,,,,,,,,,,,,,,,,,,,,,,,,
qhNqstjwQKQW9TNF8YZp,moods,,,66,,,,,,sample-michael,1742139351,693000000,Reason,76,"[""Good weather"",""Poor sleep""]",Some notes about how I'm feeling today.,,,,,,,,,,,,,,,,,,,,,,,,,,,,,,,
quIMYH8yvWp5vnjOMYus,moods,,,46,,,,,,sample-michael,1742344371,693000000,Anger,26,"[""Conflict"",""Achievement"",""Time in nature""]",,,,,,,,,,,,,,,,,,,,,,,,,,,,,,,,
r7AR68OznblswKFofW1U,moods,,,12,,,,,,sample-david,1741552971,694000000,Apathy,33,"[""Family time"",""Relaxation""]",Some notes about how I'm feeling today.,,,,,,,,,,,,,,,,,,,,,,,,,,,,,,,
rPNkMXqiQM1L8N6CHUiy,moods,,,50,,,,,,sample-john,1741892931,691000000,Willfulness,62,"[""Good sleep""]",,,,,,,,,,,,,,,,,,,,,,,,,,,,,,,,
rjO4InJz0oGq2qWLh4rf,moods,,,28,,,,,,sample-john,1740597351,691000000,Love,81,"[""Relaxation""]",,,,,,,,,,,,,,,,,,,,,,,,,,,,,,,,
rna79coSq8Z3hzreuPbF,moods,,,89,,,,,,sample-michael,1741325691,693000000,Pride,65,[],Some notes about how I'm feeling today.,,,,,,,,,,,,,,,,,,,,,,,,,,,,,,,
s49b14uNAdAKdnHz9HUl,moods,,,67,,,,,,sample-michael,1740344151,693000000,Anger,26,[],,,,,,,,,,,,,,,,,,,,,,,,,,,,,,,,
sDiUIO3WBR8Hw76pciuF,moods,,,85,,,,,,sample-michael,1742608431,692000000,Reason,76,[],,,,,,,,,,,,,,,,,,,,,,,,,,,,,,,,
sFaCUFlupnS1wyNCuoJy,moods,,,49,,,,,,sample-sophia,1742011851,693000000,Love,81,"[""Work stress"",""Meditation""]",,,,,,,,,,,,,,,,,,,,,,,,,,,,,,,,
sNhpV5kbNe8fK82VsKIS,moods,,,52,,,,,,sample-michael,1740425931,693000000,Fear,31,"[""Poor sleep"",""Relaxation"",""Family time""]",,,,,,,,,,,,,,,,,,,,,,,,,,,,,,,,
smVt4l62w3Hhq9F0qAgk,moods,,,79,,,,,,sample-john,1742250111,690000000,Love,81,"[""Exercise"",""Conflict""]",,,,,,,,,,,,,,,,,,,,,,,,,,,,,,,,
spsppZrRYC81tVvhTbkA,moods,,,28,,,,,,sample-sophia,1742411571,693000000,Grief,30,"[""Poor sleep"",""Creative activity""]",Some notes about how I'm feeling today.,,,,,,,,,,,,,,,,,,,,,,,,,,,,,,,
t4WWTs4mOuCY3SBsRGdH,moods,,,31,,,,,,sample-emma,1740539571,692000000,Acceptance,84,"[""Good weather""]",,,,,,,,,,,,,,,,,,,,,,,,,,,,,,,,
tJg0aQzzFHwdCXdmYJJR,moods,,,76,,,,,,sample-michael,1741990251,693000000,Love,81,[],,,,,,,,,,,,,,,,,,,,,,,,,,,,,,,,
tNVSTGtH61qvauWyPOU3,moods,,,67,,,,,,sample-emma,1742749251,691000000,Reason,76,"[""Meditation""]",,,,,,,,,,,,,,,,,,,,,,,,,,,,,,,,
tXcj4yenbzx3nlm2MCWp,moods,,,62,,,,,,sample-david,1741805991,694000000,Guilt,31,"[""Good sleep"",""Family time"",""Conflict""]",,,,,,,,,,,,,,,,,,,,,,,,,,,,,,,,
tbDaJ4r1kSLgw7CrKj2r,moods,,,82,,,,,,sample-emma,1740611991,692000000,Shame,28,"[""Healthy meal"",""Social activity"",""Work stress""]",,,,,,,,,,,,,,,,,,,,,,,,,,,,,,,,
tdqT4Xp9u4bh3I9KSYTG,moods,,,36,,,,,,sample-sophia,1740681591,694000000,Desire,67,[],Some notes about how I'm feeling today.,,,,,,,,,,,,,,,,,,,,,,,,,,,,,,,
u38TdhdUay0FLG09Rqh2,moods,,,50,,,,,,sample-david,1742324811,694000000,Joy,77,[],,,,,,,,,,,,,,,,,,,,,,,,,,,,,,,,
ugrvgGv5kXbX6OB1T3U4,moods,,,0,,,,,,user-id,1742988844,314000000,Pride,0,,,1742988844,317000000,,,,,,,,,,,,,,,,,,,,,,,,,,,,,
v7vJrgJHMLbGkw2gDc7Y,moods,,,45,,,,,,sample-john,1742069571,690000000,Desire,67,[],Some notes about how I'm feeling today.,,,,,,,,,,,,,,,,,,,,,,,,,,,,,,,
vPuIUcVA7WZvHbzCoEzi,moods,,,23,,,,,,sample-david,1741067211,694000000,Reason,76,"[""Conflict"",""Good sleep"",""Poor sleep""]",Some notes about how I'm feeling today.,,,,,,,,,,,,,,,,,,,,,,,,,,,,,,,
viCMZD1o9hT2WGf8i6Sh,moods,,,36,,,,,,sample-emma,1741226451,692000000,Anger,26,[],,,,,,,,,,,,,,,,,,,,,,,,,,,,,,,,
vmLkDPCh4IBFDCtjF8se,moods,,,55,,,,,,sample-emma,1742345451,692000000,Willfulness,62,"[""Exercise"",""Creative activity""]",Some notes about how I'm feeling today.,,,,,,,,,,,,,,,,,,,,,,,,,,,,,,,
vt6gRnLQpXWoelOhTvBM,moods,,,89,,,,,,sample-john,1740701691,691000000,Peace,77,"[""Conflict""]",,,,,,,,,,,,,,,,,,,,,,,,,,,,,,,,
w2uxb04uEEaEGruzmGem,moods,,,66,,,,,,sample-david,1742504211,694000000,Grief,30,"[""Social activity""]",,,,,,,,,,,,,,,,,,,,,,,,,,,,,,,,
wTaHFsdJj0zsQyaOtxY9,moods,,,11,,,,,,sample-sophia,1741108191,694000000,Acceptance,84,[],,,,,,,,,,,,,,,,,,,,,,,,,,,,,,,,
wrHcx3hgN3b8MhEoXPHf,moods,,,93,,,,,,sample-sophia,1741567371,694000000,Apathy,33,[],,,,,,,,,,,,,,,,,,,,,,,,,,,,,,,,
x0tZ91QFoGnWmAFzYbZD,moods,,,80,,,,,,sample-emma,1741536531,692000000,Grief,30,"[""Exercise"",""Meditation"",""Poor sleep""]",Some notes about how I'm feeling today.,,,,,,,,,,,,,,,,,,,,,,,,,,,,,,,
y5OzKysEpI2GxZz7eTHv,moods,,,15,,,,,,sample-david,1742683011,694000000,Anger,26,"[""Time in nature"",""Relaxation"",""Work stress""]",,,,,,,,,,,,,,,,,,,,,,,,,,,,,,,,
yqSuaXdNsLkt9R10gf51,moods,,,39,,,,,,sample-john,1742251011,690000000,Fear,31,"[""Work stress"",""Conflict""]",,,,,,,,,,,,,,,,,,,,,,,,,,,,,,,,
ywgshRh1S0H18LG30bmf,moods,,,53,,,,,,sample-john,1742614251,689000000,Shame,28,"[""Meditation""]",Some notes about how I'm feeling today.,,,,,,,,,,,,,,,,,,,,,,,,,,,,,,,
yx0cjuXBO3gxNrLSm8c2,moods,,,81,,,,,,sample-john,1742789511,689000000,Pride,65,"[""Family time"",""Achievement"",""Time in nature""]",Some notes about how I'm feeling today.,,,,,,,,,,,,,,,,,,,,,,,,,,,,,,,
zFCpavKbqY4iYMWvquMT,moods,,,81,,,,,,sample-david,1740761511,694000000,Pride,65,"[""Creative activity""]",,,,,,,,,,,,,,,,,,,,,,,,,,,,,,,,
zSr9Uce7Nn6RTdNY5YWJ,moods,,,60,,,,,,sample-emma,1741283511,692000000,Peace,77,[],Some notes about how I'm feeling today.,,,,,,,,,,,,,,,,,,,,,,,,,,,,,,,
zUABz1K3NaMdPYgEDDAn,moods,,,53,,,,,,sample-michael,1741977171,693000000,Anger,26,[],,,,,,,,,,,,,,,,,,,,,,,,,,,,,,,,
2025-02-22,stats,,,,,,,,,,1740246546,335000000,,,,,,,2025-02-22,5,0,56,8,7,,,,,,,,,,,,,,,,,,,,,,,
2025-02-23,stats,,,,,,,,,,1740332946,125000000,,,,,,,2025-02-23,4,0,90,13,5,,,,,,,,,,,,,,,,,,,,,,,
2025-02-24,stats,,,,,,,,,,1740419345,894000000,,,,,,,2025-02-24,3,0,68,13,3,,,,,,,,,,,,,,,,,,,,,,,
2025-02-25,stats,,,,,,,,,,1740505745,670000000,,,,,,,2025-02-25,3,0,31,10,2,,,,,,,,,,,,,,,,,,,,,,,
2025-02-26,stats,,,,,,,,,,1740592145,335000000,,,,,,,2025-02-26,4,0,20,9,3,,,,,,,,,,,,,,,,,,,,,,,
2025-02-27,stats,,,,,,,,,,1740678544,970000000,,,,,,,2025-02-27,4,0,55,10,7,,,,,,,,,,,,,,,,,,,,,,,
2025-02-28,stats,,,,,,,,,,1740764944,407000000,,,,,,,2025-02-28,5,0,76,10,3,,,,,,,,,,,,,,,,,,,,,,,
2025-03-01,stats,,,,,,,,,,1740851344,24000000,,,,,,,2025-03-01,5,0,56,12,2,,,,,,,,,,,,,,,,,,,,,,,
2025-03-02,stats,,,,,,,,,,1740937743,469000000,,,,,,,2025-03-02,5,0,84,7,4,,,,,,,,,,,,,,,,,,,,,,,
2025-03-03,stats,,,,,,,,,,1741024143,120000000,,,,,,,2025-03-03,4,0,70,7,3,,,,,,,,,,,,,,,,,,,,,,,
2025-03-04,stats,,,,,,,,,,1741110542,534000000,,,,,,,2025-03-04,5,0,25,8,2,,,,,,,,,,,,,,,,,,,,,,,
2025-03-05,stats,,,,,,,,,,1741196942,194000000,,,,,,,2025-03-05,3,0,39,12,6,,,,,,,,,,,,,,,,,,,,,,,
2025-03-06,stats,,,,,,,,,,1741283341,601000000,,,,,,,2025-03-06,4,0,36,12,6,,,,,,,,,,,,,,,,,,,,,,,
2025-03-07,stats,,,,,,,,,,1741369741,265000000,,,,,,,2025-03-07,5,0,52,6,2,,,,,,,,,,,,,,,,,,,,,,,
2025-03-08,stats,,,,,,,,,,1741456140,681000000,,,,,,,2025-03-08,5,0,34,5,2,,,,,,,,,,,,,,,,,,,,,,,
2025-03-09,stats,,,,,,,,,,1741538940,346000000,,,,,,,2025-03-09,3,0,64,8,7,,,,,,,,,,,,,,,,,,,,,,,
2025-03-10,stats,,,,,,,,,,1741625339,759000000,,,,,,,2025-03-10,3,0,86,7,7,,,,,,,,,,,,,,,,,,,,,,,
2025-03-11,stats,,,,,,,,,,1741711739,415000000,,,,,,,2025-03-11,5,0,29,14,5,,,,,,,,,,,,,,,,,,,,,,,
2025-03-12,stats,,,,,,,,,,1741798138,814000000,,,,,,,2025-03-12,3,0,35,10,3,,,,,,,,,,,,,,,,,,,,,,,
2025-03-13,stats,,,,,,,,,,1741884538,486000000,,,,,,,2025-03-13,3,0,70,10,2,,,,,,,,,,,,,,,,,,,,,,,
2025-03-14,stats,,,,,,,,,,1741970937,858000000,,,,,,,2025-03-14,5,0,31,9,3,,,,,,,,,,,,,,,,,,,,,,,
2025-03-15,stats,,,,,,,,,,1742057337,571000000,,,,,,,2025-03-15,4,0,84,12,2,,,,,,,,,,,,,,,,,,,,,,,
2025-03-16,stats,,,,,,,,,,1742143736,932000000,,,,,,,2025-03-16,3,0,96,12,5,,,,,,,,,,,,,,,,,,,,,,,
2025-03-17,stats,,,,,,,,,,1742230136,642000000,,,,,,,2025-03-17,4,0,52,6,3,,,,,,,,,,,,,,,,,,,,,,,
2025-03-18,stats,,,,,,,,,,1742316535,970000000,,,,,,,2025-03-18,5,0,56,13,7,,,,,,,,,,,,,,,,,,,,,,,
2025-03-19,stats,,,,,,,,,,1742402935,731000000,,,,,,,2025-03-19,3,1,45,6,4,,,,,,,,,,,,,,,,,,,,,,,
2025-03-20,stats,,,,,,,,,,1742489335,26000000,,,,,,,2025-03-20,4,1,43,14,5,,,,,,,,,,,,,,,,,,,,,,,
2025-03-21,stats,,,,,,,,,,1742575734,805000000,,,,,,,2025-03-21,3,1,23,6,7,,,,,,,,,,,,,,,,,,,,,,,
2025-03-22,stats,,,,,,,,,,1742662134,82000000,,,,,,,2025-03-22,5,0,22,11,3,,,,,,,,,,,,,,,,,,,,,,,
2025-03-23,stats,,,,,,,,,,1742748533,874000000,,,,,,,2025-03-23,4,0,34,13,5,,,,,,,,,,,,,,,,,,,,,,,
0IzSUnAMOovjiARGECi0,surveys,,,,,,,,,sample-john,1742081993,158000000,,,,,1742081993,158000000,,,,,,,"[""4"",""0"",""4"",""2"",""0"",""Yes"",""Yes"",""No"",""Yes"",""Yes""]","[""How would you rate your overall mood today?"",""Did you experience any anxiety today?"",""How well did you sleep last night?"",""Have you engaged in any physical activity today?"",""Did you connect with friends or family today?"",""Did you take your medications today?"",""Did you experience any negative thoughts today?"",""Were you able to focus on your tasks today?"",""Did you feel overwhelmed at any point today?"",""Did you practice any relaxation techniques today?""]",,,,,,,,,,,,,,,,,,,,,
0RjpRLcAU2ZUFeyocwK3,surveys,,,,,,,,,sample-david,1741654673,160000000,,,,,1741654673,160000000,,,,,,,"[""0"",""4"",""2"",""2"",""1"",""Yes"",""No"",""No"",""No"",""Yes""]","[""How would you rate your overall mood today?"",""Did you experience any anxiety today?"",""How well did you sleep last night?"",""Have you engaged in any physical activity today?"",""Did you connect with friends or family today?"",""Did you take your medications today?"",""Did you experience any negative thoughts today?"",""Were you able to focus on your tasks today?"",""Did you feel overwhelmed at any point today?"",""Did you practice any relaxation techniques today?""]",,,,,,,,,,,,,,,,,,,,,
2nEzbcOUryghOXvp6WZv,surveys,,,,,,,,,sample-michael,1742260193,159000000,,,,,1742260193,159000000,,,,,,,"[""4"",""2"",""3"",""1"",""4"",""No"",""No"",""Yes"",""Yes"",""Yes""]","[""How would you rate your overall mood today?"",""Did you experience any anxiety today?"",""How well did you sleep last night?"",""Have you engaged in any physical activity today?"",""Did you connect with friends or family today?"",""Did you take your medications today?"",""Did you experience any negative thoughts today?"",""Were you able to focus on your tasks today?"",""Did you feel overwhelmed at any point today?"",""Did you practice any relaxation techniques today?""]",,,,,,,,,,,,,,,,,,,,,
2twsTqQGuNokMjK8N242,surveys,,,,,,,,,sample-emma,1742985617,803000000,,,,,1742985617,803000000,,,,,,,"[""Poor"",""Extremely"",""Well"",""Moderate amount"",""Yes, a good amount"",""No"",""No"",""No"",""No"",""No""]",,,,,,,,,,,,,,,,,,,,,,
3du94ZdYhUNb3QyrxwVl,surveys,,,,,,,,,sample-john,1741998353,158000000,,,,,1741998353,158000000,,,,,,,"[""1"",""3"",""1"",""3"",""0"",""Yes"",""No"",""Yes"",""No"",""No""]","[""How would you rate your overall mood today?"",""Did you experience any anxiety today?"",""How well did you sleep last night?"",""Have you engaged in any physical activity today?"",""Did you connect with friends or family today?"",""Did you take your medications today?"",""Did you experience any negative thoughts today?"",""Were you able to focus on your tasks today?"",""Did you feel overwhelmed at any point today?"",""Did you practice any relaxation techniques today?""]",,,,,,,,,,,,,,,,,,,,,
3eGGxdTK4VUSJqeyDxTZ,surveys,,,,,,,,,sample-emma,1743075845,651000000,,,,,1743075845,653000000,,,,,,,"[""Neutral"",""Very much"",""Well"",""Moderate amount"",""Extensively"",""No"",""No"",""No"",""No"",""No""]","[""How would you rate your overall mood today?"",""Did you experience any anxiety today?"",""How well did you sleep last night?"",""Have you engaged in any physical activity today?"",""Did you connect with friends or family today?"",""Did you take your medications today?"",""Did you experience any negative thoughts today?"",""Were you able to focus on your tasks today?"",""Did you feel overwhelmed at any point today?"",""Did you practice any relaxation techniques today?""]",,,,,,,,,,,,,,,,,,,,,
3n9EZPf5VhblYe3QMgti,surveys,,,,,,,,,sample-john,1742268773,158000000,,,,,1742268773,158000000,,,,,,,"[""0"",""0"",""0"",""2"",""3"",""No"",""Yes"",""Yes"",""Yes"",""Yes""]","[""How would you rate your overall mood today?"",""Did you experience any anxiety today?"",""How well did you sleep last night?"",""Have you engaged in any physical activity today?"",""Did you connect with friends or family today?"",""Did you take your medications today?"",""Did you experience any negative thoughts today?"",""Were you able to focus on your tasks today?"",""Did you feel overwhelmed at any point today?"",""Did you practice any relaxation techniques today?""]",,,,,,,,,,,,,,,,,,,,,
6sGziNtrUmXfVqNp7Md5,surveys,,,,,,,,,sample-sophia,1742092193,159000000,,,,,1742092193,159000000,,,,,,,"[""3"",""4"",""0"",""1"",""4"",""Yes"",""No"",""Yes"",""No"",""Yes""]","[""How would you rate your overall mood today?"",""Did you experience any anxiety today?"",""How well did you sleep last night?"",""Have you engaged in any physical activity today?"",""Did you connect with friends or family today?"",""Did you take your medications today?"",""Did you experience any negative thoughts today?"",""Were you able to focus on your tasks today?"",""Did you feel overwhelmed at any point today?"",""Did you practice any relaxation techniques today?""]",,,,,,,,,,,,,,,,,,,,,
9XiVpfh5CQC50YokTjZ4,surveys,,,,,,,,,sample-sophia,1742682293,159000000,,,,,1742682293,159000000,,,,,,,"[""2"",""3"",""3"",""1"",""1"",""No"",""Yes"",""Yes"",""Yes"",""Yes""]","[""How would you rate your overall mood today?"",""Did you experience any anxiety today?"",""How well did you sleep last night?"",""Have you engaged in any physical activity today?"",""Did you connect with friends or family today?"",""Did you take your medications today?"",""Did you experience any negative thoughts today?"",""Were you able to focus on your tasks today?"",""Did you feel overwhelmed at any point today?"",""Did you practice any relaxation techniques today?""]",,,,,,,,,,,,,,,,,,,,,
ANRa49aDgTdaDDuxnpeY,surveys,,,,,,,,,sample-john,1742358053,158000000,,,,,1742358053,158000000,,,,,,,"[""4"",""1"",""3"",""3"",""1"",""Yes"",""No"",""Yes"",""No"",""No""]","[""How would you rate your overall mood today?"",""Did you experience any anxiety today?"",""How well did you sleep last night?"",""Have you engaged in any physical activity today?"",""Did you connect with friends or family today?"",""Did you take your medications today?"",""Did you experience any negative thoughts today?"",""Were you able to focus on your tasks today?"",""Did you feel overwhelmed at any point today?"",""Did you practice any relaxation techniques today?""]",,,,,,,,,,,,,,,,,,,,,
I1KoOfSqSXsFnmYAw9qQ,surveys,,,,,,,,,sample-john,1742592593,158000000,,,,,1742592593,158000000,,,,,,,"[""4"",""1"",""0"",""4"",""1"",""No"",""No"",""Yes"",""Yes"",""No""]","[""How would you rate your overall mood today?"",""Did you experience any anxiety today?"",""How well did you sleep last night?"",""Have you engaged in any physical activity today?"",""Did you connect with friends or family today?"",""Did you take your medications today?"",""Did you experience any negative thoughts today?"",""Were you able to focus on your tasks today?"",""Did you feel overwhelmed at any point today?"",""Did you practice any relaxation techniques today?""]",,,,,,,,,,,,,,,,,,,,,
IA3UoLh00wCoktwXRxK2,surveys,,,,,,,,,sample-emma,1742065733,159000000,,,,,1742065733,159000000,,,,,,,"[""4"",""4"",""3"",""4"",""0"",""No"",""No"",""No"",""Yes"",""No""]","[""How would you rate your overall mood today?"",""Did you experience any anxiety today?"",""How well did you sleep last night?"",""Have you engaged in any physical activity today?"",""Did you connect with friends or family today?"",""Did you take your medications today?"",""Did you experience any negative thoughts today?"",""Were you able to focus on your tasks today?"",""Did you feel overwhelmed at any point today?"",""Did you practice any relaxation techniques today?""]",,,,,,,,,,,,,,,,,,,,,
JhTPB2BwMJK1XfvksBLG,surveys,,,,,,,,,sample-sophia,1741643153,159000000,,,,,1741643153,159000000,,,,,,,"[""2"",""1"",""0"",""2"",""3"",""No"",""No"",""No"",""No"",""Yes""]","[""How would you rate your overall mood today?"",""Did you experience any anxiety today?"",""How well did you sleep last night?"",""Have you engaged in any physical activity today?"",""Did you connect with friends or family today?"",""Did you take your medications today?"",""Did you experience any negative thoughts today?"",""Were you able to focus on your tasks today?"",""Did you feel overwhelmed at any point today?"",""Did you practice any relaxation techniques today?""]",,,,,,,,,,,,,,,,,,,,,
JpEqRRLZpFajHE1tcYKm,surveys,,,,,,,,,sample-emma,1742987010,668000000,,,,,1742987010,671000000,,,,,,,"[""Good"",""Extremely"",""Well"",""Moderate amount"",""Yes, somewhat"",""No"",""Yes"",""No"",""Yes"",""No""]",,,,,,,,,,,,,,,,,,,,,,
LMQavQRRUZ5pQxVLapcN,surveys,,,,,,,,,sample-emma,1742987013,856000000,,,,,1742987013,856000000,,,,,,,"[""Good"",""Extremely"",""Well"",""Moderate amount"",""Yes, somewhat"",""No"",""Yes"",""No"",""Yes"",""No""]",,,,,,,,,,,,,,,,,,,,,,
ML1SbUNrBd8MrUXC6x4U,surveys,,,,,,,,,sample-david,1742396933,159000000,,,,,1742396933,159000000,,,,,,,"[""4"",""3"",""2"",""0"",""2"",""Yes"",""No"",""Yes"",""Yes"",""Yes""]","[""How would you rate your overall mood today?"",""Did you experience any anxiety today?"",""How well did you sleep last night?"",""Have you engaged in any physical activity today?"",""Did you connect with friends or family today?"",""Did you take your medications today?"",""Did you experience any negative thoughts today?"",""Were you able to focus on your tasks today?"",""Did you feel overwhelmed at any point today?"",""Did you practice any relaxation techniques today?""]",,,,,,,,,,,,,,,,,,,,,
OMAyKeS6goZRNEB3mozL,surveys,,,,,,,,,sample-john,1741922873,158000000,,,,,1741922873,158000000,,,,,,,"[""1"",""1"",""1"",""2"",""3"",""Yes"",""No"",""Yes"",""Yes"",""Yes""]","[""How would you rate your overall mood today?"",""Did you experience any anxiety today?"",""How well did you sleep last night?"",""Have you engaged in any physical activity today?"",""Did you connect with friends or family today?"",""Did you take your medications today?"",""Did you experience any negative thoughts today?"",""Were you able to focus on your tasks today?"",""Did you feel overwhelmed at any point today?"",""Did you practice any relaxation techniques today?""]",,,,,,,,,,,,,,,,,,,,,
Q7b1DVEA7autuWaKymHA,surveys,,,,,,,,,sample-michael,1742091653,159000000,,,,,1742091653,159000000,,,,,,,"[""2"",""1"",""0"",""1"",""3"",""Yes"",""No"",""Yes"",""No"",""No""]","[""How would you rate your overall mood today?"",""Did you experience any anxiety today?"",""How well did you sleep last night?"",""Have you engaged in any physical activity today?"",""Did you connect with friends or family today?"",""Did you take your medications today?"",""Did you experience any negative thoughts today?"",""Were you able to focus on your tasks today?"",""Did you feel overwhelmed at any point today?"",""Did you practice any relaxation techniques today?""]",,,,,,,,,,,,,,,,,,,,,
W4B6QjIBdXxc3wAf2G4u,surveys,,,,,,,,,sample-david,1741726133,160000000,,,,,1741726133,160000000,,,,,,,"[""4"",""1"",""2"",""0"",""3"",""No"",""No"",""Yes"",""No"",""Yes""]","[""How would you rate your overall mood today?"",""Did you experience any anxiety today?"",""How well did you sleep last night?"",""Have you engaged in any physical activity today?"",""Did you connect with friends or family today?"",""Did you take your medications today?"",""Did you experience any negative thoughts today?"",""Were you able to focus on your tasks today?"",""Did you feel overwhelmed at any point today?"",""Did you practice any relaxation techniques today?""]",,,,,,,,,,,,,,,,,,,,,
YnOsMxVic0qnBZEI8oHp,surveys,,,,,,,,,sample-john,1742399933,158000000,,,,,1742399933,158000000,,,,,,,"[""2"",""3"",""4"",""4"",""0"",""No"",""Yes"",""Yes"",""Yes"",""No""]","[""How would you rate your overall mood today?"",""Did you experience any anxiety today?"",""How well did you sleep last night?"",""Have you engaged in any physical activity today?"",""Did you connect with friends or family today?"",""Did you take your medications today?"",""Did you experience any negative thoughts today?"",""Were you able to focus on your tasks today?"",""Did you feel overwhelmed at any point today?"",""Did you practice any relaxation techniques today?""]",,,,,,,,,,,,,,,,,,,,,
YpFF3dtR9I3qrniz0F0k,surveys,,,,,,,,,sample-emma,1741999793,159000000,,,,,1741999793,159000000,,,,,,,"[""2"",""0"",""3"",""3"",""3"",""No"",""Yes"",""Yes"",""Yes"",""Yes""]","[""How would you rate your overall mood today?"",""Did you experience any anxiety today?"",""How well did you sleep last night?"",""Have you engaged in any physical activity today?"",""Did you connect with friends or family today?"",""Did you take your medications today?"",""Did you experience any negative thoughts today?"",""Were you able to focus on your tasks today?"",""Did you feel overwhelmed at any point today?"",""Did you practice any relaxation techniques today?""]",,,,,,,,,,,,,,,,,,,,,
blgIaNOv9HYA6WRStPr5,surveys,,,,,,,,,sample-john,1741837913,158000000,,,,,1741837913,158000000,,,,,,,"[""0"",""1"",""2"",""1"",""0"",""Yes"",""No"",""Yes"",""No"",""Yes""]","[""How would you rate your overall mood today?"",""Did you experience any anxiety today?"",""How well did you sleep last night?"",""Have you engaged in any physical activity today?"",""Did you connect with friends or family today?"",""Did you take your medications today?"",""Did you experience any negative thoughts today?"",""Were you able to focus on your tasks today?"",""Did you feel overwhelmed at any point today?"",""Did you practice any relaxation techniques today?""]",,,,,,,,,,,,,,,,,,,,,
btGnKao8E94E2CipbIrL,surveys,,,,,,,,,sample-david,1742236973,159000000,,,,,1742236973,159000000,,,,,,,"[""2"",""0"",""0"",""2"",""3"",""Yes"",""No"",""Yes"",""No"",""No""]","[""How would you rate your overall mood today?"",""Did you experience any anxiety today?"",""How well did you sleep last night?"",""Have you engaged in any physical activity today?"",""Did you connect with friends or family today?"",""Did you take your medications today?"",""Did you experience any negative thoughts today?"",""Were you able to focus on your tasks today?"",""Did you feel overwhelmed at any point today?"",""Did you practice any relaxation techniques today?""]",,,,,,,,,,,,,,,,,,,,,
fEvFn8yAgjieqJwJ9OJ2,surveys,,,,,,,,,sample-emma,1742355173,159000000,,,,,1742355173,159000000,,,,,,,"[""0"",""0"",""0"",""3"",""0"",""No"",""Yes"",""Yes"",""Yes"",""No""]","[""How would you rate your overall mood today?"",""Did you experience any anxiety today?"",""How well did you sleep last night?"",""Have you engaged in any physical activity today?"",""Did you connect with friends or family today?"",""Did you take your medications today?"",""Did you experience any negative thoughts today?"",""Were you able to focus on your tasks today?"",""Did you feel overwhelmed at any point today?"",""Did you practice any relaxation techniques today?""]",,,,,,,,,,,,,,,,,,,,,
fGE5UCirWVgOZ40JtwaI,surveys,,,,,,,,,sample-emma,1742985616,918000000,,,,,1742985616,921000000,,,,,,,"[""Poor"",""Extremely"",""Well"",""Moderate amount"",""Yes, a good amount"",""No"",""No"",""No"",""No"",""No""]",,,,,,,,,,,,,,,,,,,,,,
hrELN2uy4sMtqcMon9As,surveys,,,,,,,,,sample-michael,1742681513,159000000,,,,,1742681513,159000000,,,,,,,"[""0"",""4"",""2"",""4"",""0"",""Yes"",""No"",""No"",""No"",""Yes""]","[""How would you rate your overall mood today?"",""Did you experience any anxiety today?"",""How well did you sleep last night?"",""Have you engaged in any physical activity today?"",""Did you connect with friends or family today?"",""Did you take your medications today?"",""Did you experience any negative thoughts today?"",""Were you able to focus on your tasks today?"",""Did you feel overwhelmed at any point today?"",""Did you practice any relaxation techniques today?""]",,,,,,,,,,,,,,,,,,,,,
iszdz641rqSbm8C8yfpG,surveys,,,,,,,,,sample-emma,1742754353,158000000,,,,,1742754353,158000000,,,,,,,"[""1"",""1"",""0"",""1"",""4"",""No"",""No"",""Yes"",""No"",""Yes""]","[""How would you rate your overall mood today?"",""Did you experience any anxiety today?"",""How well did you sleep last night?"",""Have you engaged in any physical activity today?"",""Did you connect with friends or family today?"",""Did you take your medications today?"",""Did you experience any negative thoughts today?"",""Were you able to focus on your tasks today?"",""Did you feel overwhelmed at any point today?"",""Did you practice any relaxation techniques today?""]",,,,,,,,,,,,,,,,,,,,,
jzc94CyUw2to2VmOINRB,surveys,,,,,,,,,sample-david,1742603033,159000000,,,,,1742603033,159000000,,,,,,,"[""2"",""2"",""3"",""0"",""4"",""Yes"",""No"",""Yes"",""Yes"",""Yes""]","[""How would you rate your overall mood today?"",""Did you experience any anxiety today?"",""How well did you sleep last night?"",""Have you engaged in any physical activity today?"",""Did you connect with friends or family today?"",""Did you take your medications today?"",""Did you experience any negative thoughts today?"",""Were you able to focus on your tasks today?"",""Did you feel overwhelmed at any point today?"",""Did you practice any relaxation techniques today?""]",,,,,,,,,,,,,,,,,,,,,
kpureOJuBXXQfbJrPgNh,surveys,,,,,,,,,sample-michael,1741621253,159000000,,,,,1741621253,159000000,,,,,,,"[""4"",""0"",""4"",""2"",""2"",""No"",""No"",""No"",""No"",""No""]","[""How would you rate your overall mood today?"",""Did you experience any anxiety today?"",""How well did you sleep last night?"",""Have you engaged in any physical activity today?"",""Did you connect with friends or family today?"",""Did you take your medications today?"",""Did you experience any negative thoughts today?"",""Were you able to focus on your tasks today?"",""Did you feel overwhelmed at any point today?"",""Did you practice any relaxation techniques today?""]",,,,,,,,,,,,,,,,,,,,,
lpmReYypliGs8GnhebnW,surveys,,,,,,,,,sample-david,1742699333,159000000,,,,,1742699333,159000000,,,,,,,"[""2"",""3"",""2"",""3"",""0"",""Yes"",""Yes"",""No"",""Yes"",""Yes""]","[""How would you rate your overall mood today?"",""Did you experience any anxiety today?"",""How well did you sleep last night?"",""Have you engaged in any physical activity today?"",""Did you connect with friends or family today?"",""Did you take your medications today?"",""Did you experience any negative thoughts today?"",""Were you able to focus on your tasks today?"",""Did you feel overwhelmed at any point today?"",""Did you practice any relaxation techniques today?""]",,,,,,,,,,,,,,,,,,,,,
nItIYGywyYBpAxCpuHk4,surveys,,,,,,,,,sample-emma,1741637633,159000000,,,,,1741637633,159000000,,,,,,,"[""0"",""1"",""1"",""3"",""2"",""Yes"",""No"",""No"",""Yes"",""No""]","[""How would you rate your overall mood today?"",""Did you experience any anxiety today?"",""How well did you sleep last night?"",""Have you engaged in any physical activity today?"",""Did you connect with friends or family today?"",""Did you take your medications today?"",""Did you experience any negative thoughts today?"",""Were you able to focus on your tasks today?"",""Did you feel overwhelmed at any point today?"",""Did you practice any relaxation techniques today?""]",,,,,,,,,,,,,,,,,,,,,
oCK8gu3no9tknnseCFAv,surveys,,,,,,,,,sample-emma,1742147513,159000000,,,,,1742147513,159000000,,,,,,,"[""2"",""0"",""1"",""4"",""0"",""Yes"",""Yes"",""Yes"",""No"",""No""]","[""How would you rate your overall mood today?"",""Did you experience any anxiety today?"",""How well did you sleep last night?"",""Have you engaged in any physical activity today?"",""Did you connect with friends or family today?"",""Did you take your medications today?"",""Did you experience any negative thoughts today?"",""Were you able to focus on your tasks today?"",""Did you feel overwhelmed at any point today?"",""Did you practice any relaxation techniques today?""]",,,,,,,,,,,,,,,,,,,,,
p0ZCcPXhq0BHTtbBmV1P,surveys,,,,,,,,,sample-john,1742655893,157000000,,,,,1742655893,157000000,,,,,,,"[""0"",""4"",""1"",""3"",""1"",""Yes"",""No"",""No"",""Yes"",""No""]","[""How would you rate your overall mood today?"",""Did you experience any anxiety today?"",""How well did you sleep last night?"",""Have you engaged in any physical activity today?"",""Did you connect with friends or family today?"",""Did you take your medications today?"",""Did you experience any negative thoughts today?"",""Were you able to focus on your tasks today?"",""Did you feel overwhelmed at any point today?"",""Did you practice any relaxation techniques today?""]",,,,,,,,,,,,,,,,,,,,,
qAeeN4XawroxaR2RL54O,surveys,,,,,,,,,sample-emma,1743073509,226000000,,,,,1743073509,228000000,,,,,,,"[""Neutral"",""Very much"",""Well"",""A lot"",""Yes, a good amount"",""No"",""No"",""Yes"",""No"",""No""]","[""How would you rate your overall mood today?"",""Did you experience any anxiety today?"",""How well did you sleep last night?"",""Have you engaged in any physical activity today?"",""Did you connect with friends or family today?"",""Did you take your medications today?"",""Did you experience any negative thoughts today?"",""Were you able to focus on your tasks today?"",""Did you feel overwhelmed at any point today?"",""Did you practice any relaxation techniques today?""]",,,,,,,,,,,,,,,,,,,,,
rxbMdZXI89PtFxYmSqhP,surveys,,,,,,,,,sample-emma,1743095622,2000000,,,,,1743095622,4000000,,,,,,,"[""Good"",""Extremely"",""Very Well"",""Intense workout"",""Extensively"",""No"",""No"",""No"",""No"",""No""]","[""How would you rate your overall mood today?"",""Did you experience any anxiety today?"",""How well did you sleep last night?"",""Have you engaged in any physical activity today?"",""Did you connect with friends or family today?"",""Did you take your medications today?"",""Did you experience any negative thoughts today?"",""Were you able to focus on your tasks today?"",""Did you feel overwhelmed at any point today?"",""Did you practice any relaxation techniques today?""]",,,,,,,,,,,,,,,,,,,,,
uyVO9nA93z3UjsDMrBYG,surveys,,,,,,,,,sample-david,1742062133,159000000,,,,,1742062133,159000000,,,,,,,"[""0"",""1"",""2"",""3"",""1"",""Yes"",""Yes"",""No"",""No"",""Yes""]","[""How would you rate your overall mood today?"",""Did you experience any anxiety today?"",""How well did you sleep last night?"",""Have you engaged in any physical activity today?"",""Did you connect with friends or family today?"",""Did you take your medications today?"",""Did you experience any negative thoughts today?"",""Were you able to focus on your tasks today?"",""Did you feel overwhelmed at any point today?"",""Did you practice any relaxation techniques today?""]",,,,,,,,,,,,,,,,,,,,,
sample-david,users,,,,,,,,,,,,,,,,1742748900,527000000,,,,,,,,,sample-david,david@example.com,David Johnson,,true,true,true,false,en,light,0,0,0,0,,1742748900,527000000,,,,
sample-emma,users,,,,,,,,,,,,,,,,1742748896,687000000,,,,,,,,,sample-emma,emma@example.com,Emma Wilson,,true,true,true,false,en,light,0,0,0,7,,1742748896,687000000,Monthly Plan,$9.99/month,1742985644,244000000
sample-john,users,,,,,,,,,,,,,,,,1742748896,594000000,,,,,,,,,sample-john,john@example.com,John Smith,,true,true,true,false,en,light,0,0,0,0,,1742748896,594000000,,,,
sample-michael,users,,,,,,,,,,,,,,,,1742748900,837000000,,,,,,,,,sample-michael,michael@example.com,Michael Brown,,true,true,true,false,en,light,0,0,0,0,,1742748900,837000000,,,,
sample-sophia,users,,,,,,,,,,,,,,,,1742748899,224000000,,,,,,,,,sample-sophia,sophia@example.com,Sophia Lee,,true,true,true,false,en,light,0,0,0,0,,1742748899,224000000,,,,
